{
    "loss": 1.645424485206604,
    "accuracy": 0.7639329433441162
}