{
    "loss": 0.7015778422355652,
    "accuracy": 0.6923425197601318
}