{
    "loss": 5.120942115783691,
    "accuracy": 0.4644313454627991
}